,precision,recall,f1-score,support
0,0.9864130434782609,0.9877551020408163,0.9870836165873556,735.0
1,0.9698996655518395,0.9666666666666667,0.9682804674457429,300.0
accuracy,0.9816425120772947,0.9816425120772947,0.9816425120772947,0.9816425120772947
macro avg,0.9781563545150502,0.9772108843537415,0.9776820420165493,1035.0
weighted avg,0.9816265571227764,0.9816425120772947,0.9816334284303664,1035.0
